{"cameraMode":{"drawMode":0,"name":"Shaded","section":"Shading Mode"},"sceneLighting":true,"audioPlay":false,"sceneViewState":{"m_AlwaysRefresh":false,"showFog":true,"showSkybox":true,"showFlares":true,"showImageEffects":true,"showParticleSystems":true,"showVisualEffectGraphs":true,"m_FxEnabled":true},"in2DMode":false,"pivot":{"x":0.9830710887908936,"y":2.8579630851745607,"z":0.14637720584869386},"rotation":{"x":-0.0027324892580509187,"y":0.7945606708526611,"z":-0.0035755254793912174,"w":-0.6071692705154419},"size":0.8270542621612549,"orthographic":false}